{
  "Search - Album" : {
    "transaction" : "Search - Album",
    "sampleCount" : 11311,
    "errorCount" : 5396,
    "errorPct" : 47.705772,
    "meanResTime" : 12788.05817345947,
    "medianResTime" : 5072.0,
    "minResTime" : 2.0,
    "maxResTime" : 51555.0,
    "pct1ResTime" : 32573.200000000004,
    "pct2ResTime" : 36565.0,
    "pct3ResTime" : 38681.55999999999,
    "throughput" : 77.02469884030535,
    "receivedKBytesPerSec" : 104.66047526923916,
    "sentKBytesPerSec" : 6.372338145816451
  },
  "Create - Album" : {
    "transaction" : "Create - Album",
    "sampleCount" : 18888,
    "errorCount" : 7069,
    "errorPct" : 37.42588,
    "meanResTime" : 11632.365046590445,
    "medianResTime" : 5040.0,
    "minResTime" : 2.0,
    "maxResTime" : 58752.0,
    "pct1ResTime" : 29770.300000000007,
    "pct2ResTime" : 36951.2,
    "pct3ResTime" : 41312.44,
    "throughput" : 123.4421054695414,
    "receivedKBytesPerSec" : 196.4679839705152,
    "sentKBytesPerSec" : 17.235822965750828
  },
  "Total" : {
    "transaction" : "Total",
    "sampleCount" : 62189,
    "errorCount" : 25732,
    "errorPct" : 41.377094,
    "meanResTime" : 13374.364469600725,
    "medianResTime" : 15669.0,
    "minResTime" : 1.0,
    "maxResTime" : 58752.0,
    "pct1ResTime" : 33036.0,
    "pct2ResTime" : 36687.8,
    "pct3ResTime" : 40972.990000000005,
    "throughput" : 406.4348314827039,
    "receivedKBytesPerSec" : 591.9752029163753,
    "sentKBytesPerSec" : 49.72850195410788
  },
  "Delete - Album" : {
    "transaction" : "Delete - Album",
    "sampleCount" : 17188,
    "errorCount" : 7072,
    "errorPct" : 41.144985,
    "meanResTime" : 14525.355131487066,
    "medianResTime" : 9188.5,
    "minResTime" : 1.0,
    "maxResTime" : 55834.0,
    "pct1ResTime" : 34356.8,
    "pct2ResTime" : 37238.55,
    "pct3ResTime" : 39186.990000000005,
    "throughput" : 113.30555848539184,
    "receivedKBytesPerSec" : 112.48393039162207,
    "sentKBytesPerSec" : 13.788756583891468
  },
  "Update - Album" : {
    "transaction" : "Update - Album",
    "sampleCount" : 14802,
    "errorCount" : 6195,
    "errorPct" : 41.85245,
    "meanResTime" : 14708.736049182533,
    "medianResTime" : 9276.0,
    "minResTime" : 2.0,
    "maxResTime" : 56497.0,
    "pct1ResTime" : 34343.4,
    "pct2ResTime" : 37448.24999999999,
    "pct3ResTime" : 39948.94,
    "throughput" : 99.21909039112512,
    "receivedKBytesPerSec" : 188.2515443283507,
    "sentKBytesPerSec" : 13.032587737121695
  }
}