{
  "Create - Artist" : {
    "transaction" : "Create - Artist",
    "sampleCount" : 20898,
    "errorCount" : 10115,
    "errorPct" : 48.40176,
    "meanResTime" : 13713.39530098569,
    "medianResTime" : 6920.0,
    "minResTime" : 4.0,
    "maxResTime" : 83549.0,
    "pct1ResTime" : 38781.30000000001,
    "pct2ResTime" : 45684.55,
    "pct3ResTime" : 59887.990000000005,
    "throughput" : 142.09946554608135,
    "receivedKBytesPerSec" : 249.54270239424815,
    "sentKBytesPerSec" : 16.457600775332164
  },
  "Total" : {
    "transaction" : "Total",
    "sampleCount" : 67334,
    "errorCount" : 36375,
    "errorPct" : 54.021744,
    "meanResTime" : 14450.453247987603,
    "medianResTime" : 10422.5,
    "minResTime" : 4.0,
    "maxResTime" : 83549.0,
    "pct1ResTime" : 50655.50000000001,
    "pct2ResTime" : 57351.0,
    "pct3ResTime" : 61270.52000000008,
    "throughput" : 457.19911729757257,
    "receivedKBytesPerSec" : 943.9779629413512,
    "sentKBytesPerSec" : 44.17381254243762
  },
  "Update - Artist" : {
    "transaction" : "Update - Artist",
    "sampleCount" : 14960,
    "errorCount" : 8596,
    "errorPct" : 57.459892,
    "meanResTime" : 14436.653475935835,
    "medianResTime" : 5038.0,
    "minResTime" : 861.0,
    "maxResTime" : 73198.0,
    "pct1ResTime" : 44657.0,
    "pct2ResTime" : 51706.74999999999,
    "pct3ResTime" : 58566.919999999984,
    "throughput" : 104.91251446404151,
    "receivedKBytesPerSec" : 394.07227692503244,
    "sentKBytesPerSec" : 10.411952612731863
  },
  "Search - Artist" : {
    "transaction" : "Search - Artist",
    "sampleCount" : 12594,
    "errorCount" : 8100,
    "errorPct" : 64.31634,
    "meanResTime" : 12350.238129267864,
    "medianResTime" : 4963.0,
    "minResTime" : 931.0,
    "maxResTime" : 81712.0,
    "pct1ResTime" : 39516.5,
    "pct2ResTime" : 49596.25,
    "pct3ResTime" : 58685.749999999985,
    "throughput" : 90.00857632933104,
    "receivedKBytesPerSec" : 156.93204431550174,
    "sentKBytesPerSec" : 5.112589448434821
  },
  "Delete - Artist" : {
    "transaction" : "Delete - Artist",
    "sampleCount" : 18882,
    "errorCount" : 9564,
    "errorPct" : 50.651413,
    "meanResTime" : 16677.949846414573,
    "medianResTime" : 6830.0,
    "minResTime" : 841.0,
    "maxResTime" : 81408.0,
    "pct1ResTime" : 46229.600000000006,
    "pct2ResTime" : 52391.0,
    "pct3ResTime" : 59190.509999999995,
    "throughput" : 131.722324150488,
    "receivedKBytesPerSec" : 168.64280001063852,
    "sentKBytesPerSec" : 13.151993610783622
  }
}