{
  "Read All - Albums" : {
    "transaction" : "Read All - Albums",
    "sampleCount" : 525450,
    "errorCount" : 367165,
    "errorPct" : 69.8763,
    "meanResTime" : 8253.480544295338,
    "medianResTime" : 31.0,
    "minResTime" : 1.0,
    "maxResTime" : 98702.0,
    "pct1ResTime" : 40053.0,
    "pct2ResTime" : 42051.9,
    "pct3ResTime" : 45914.96000000001,
    "throughput" : 142.26139438096595,
    "receivedKBytesPerSec" : 386.78126020782025,
    "sentKBytesPerSec" : 6.614138181278298
  },
  "Total" : {
    "transaction" : "Total",
    "sampleCount" : 1571325,
    "errorCount" : 1133426,
    "errorPct" : 72.13187,
    "meanResTime" : 10532.011202647624,
    "medianResTime" : 26618.5,
    "minResTime" : 1.0,
    "maxResTime" : 113762.0,
    "pct1ResTime" : 38562.0,
    "pct2ResTime" : 40144.9,
    "pct3ResTime" : 43428.890000000014,
    "throughput" : 425.3105126056425,
    "receivedKBytesPerSec" : 1091.7124957470978,
    "sentKBytesPerSec" : 35.474178064495106
  },
  "Delete - Playlist" : {
    "transaction" : "Delete - Playlist",
    "sampleCount" : 521514,
    "errorCount" : 387135,
    "errorPct" : 74.23291,
    "meanResTime" : 11571.099005971146,
    "medianResTime" : 25846.0,
    "minResTime" : 1.0,
    "maxResTime" : 103118.0,
    "pct1ResTime" : 38130.9,
    "pct2ResTime" : 40005.95,
    "pct3ResTime" : 42047.990000000005,
    "throughput" : 141.33611210105465,
    "receivedKBytesPerSec" : 198.38933544211065,
    "sentKBytesPerSec" : 11.325594592124821
  },
  "Create - Playlist" : {
    "transaction" : "Create - Playlist",
    "sampleCount" : 524361,
    "errorCount" : 379126,
    "errorPct" : 72.302475,
    "meanResTime" : 11781.827832351892,
    "medianResTime" : 29310.5,
    "minResTime" : 1.0,
    "maxResTime" : 113762.0,
    "pct1ResTime" : 42030.700000000004,
    "pct2ResTime" : 43816.0,
    "pct3ResTime" : 47841.96000000001,
    "throughput" : 141.995773930464,
    "receivedKBytesPerSec" : 507.13381448548904,
    "sentKBytesPerSec" : 17.558746565607656
  }
}