{
  "Read All - Albums" : {
    "transaction" : "Read All - Albums",
    "sampleCount" : 791884,
    "errorCount" : 713016,
    "errorPct" : 90.04046,
    "meanResTime" : 10666.560650297331,
    "medianResTime" : 4895.0,
    "minResTime" : 1.0,
    "maxResTime" : 132667.0,
    "pct1ResTime" : 87656.90000000005,
    "pct2ResTime" : 98927.8,
    "pct3ResTime" : 108215.99,
    "throughput" : 216.80970354596028,
    "receivedKBytesPerSec" : 565.6186756712228,
    "sentKBytesPerSec" : 3.3452045849238234
  },
  "Total" : {
    "transaction" : "Total",
    "sampleCount" : 2367578,
    "errorCount" : 2247276,
    "errorPct" : 94.91877,
    "meanResTime" : 11144.115181421337,
    "medianResTime" : 5095.0,
    "minResTime" : 1.0,
    "maxResTime" : 133728.0,
    "pct1ResTime" : 99491.80000000002,
    "pct2ResTime" : 104184.95,
    "pct3ResTime" : 111894.97,
    "throughput" : 648.1626324035598,
    "receivedKBytesPerSec" : 1782.4201116681718,
    "sentKBytesPerSec" : 14.789670605123039
  },
  "Delete - Playlist" : {
    "transaction" : "Delete - Playlist",
    "sampleCount" : 786448,
    "errorCount" : 774822,
    "errorPct" : 98.521706,
    "meanResTime" : 10876.075479879233,
    "medianResTime" : 4885.0,
    "minResTime" : 1.0,
    "maxResTime" : 125403.0,
    "pct1ResTime" : 84020.9,
    "pct2ResTime" : 95664.45000000001,
    "pct3ResTime" : 102536.90000000002,
    "throughput" : 218.10711001312336,
    "receivedKBytesPerSec" : 492.2681659342736,
    "sentKBytesPerSec" : 4.159161516844584
  },
  "Create - Playlist" : {
    "transaction" : "Create - Playlist",
    "sampleCount" : 789246,
    "errorCount" : 759438,
    "errorPct" : 96.22323,
    "meanResTime" : 11890.355364487064,
    "medianResTime" : 4899.0,
    "minResTime" : 1.0,
    "maxResTime" : 133728.0,
    "pct1ResTime" : 88341.00000000004,
    "pct2ResTime" : 100599.0,
    "pct3ResTime" : 110143.71000000005,
    "throughput" : 216.61093898333274,
    "receivedKBytesPerSec" : 732.7452409483855,
    "sentKBytesPerSec" : 7.357483178260523
  }
}