{
  "Update - Genre" : {
    "transaction" : "Update - Genre",
    "sampleCount" : 14862,
    "errorCount" : 9507,
    "errorPct" : 63.96851,
    "meanResTime" : 15188.11196339652,
    "medianResTime" : 5153.0,
    "minResTime" : 54.0,
    "maxResTime" : 79023.0,
    "pct1ResTime" : 50481.10000000005,
    "pct2ResTime" : 57725.85,
    "pct3ResTime" : 68721.48,
    "throughput" : 103.34612817089453,
    "receivedKBytesPerSec" : 314.09192562739906,
    "sentKBytesPerSec" : 10.831621524011181
  },
  "Delete - Genre" : {
    "transaction" : "Delete - Genre",
    "sampleCount" : 18762,
    "errorCount" : 9967,
    "errorPct" : 53.123333,
    "meanResTime" : 18924.041146999225,
    "medianResTime" : 8344.0,
    "minResTime" : 22.0,
    "maxResTime" : 83251.0,
    "pct1ResTime" : 54819.000000000015,
    "pct2ResTime" : 59716.85,
    "pct3ResTime" : 68762.0,
    "throughput" : 129.3761507112861,
    "receivedKBytesPerSec" : 174.2104024946731,
    "sentKBytesPerSec" : 12.183438570980353
  },
  "Create - Genre" : {
    "transaction" : "Create - Genre",
    "sampleCount" : 20711,
    "errorCount" : 10737,
    "errorPct" : 51.84202,
    "meanResTime" : 14852.896576698451,
    "medianResTime" : 8024.5,
    "minResTime" : 5.0,
    "maxResTime" : 94239.0,
    "pct1ResTime" : 40236.600000000006,
    "pct2ResTime" : 51655.900000000016,
    "pct3ResTime" : 67778.93000000001,
    "throughput" : 140.50881953867028,
    "receivedKBytesPerSec" : 294.1288187966418,
    "sentKBytesPerSec" : 19.261701524338534
  },
  "Total" : {
    "transaction" : "Total",
    "sampleCount" : 66749,
    "errorCount" : 38997,
    "errorPct" : 58.423347,
    "meanResTime" : 15514.534464935705,
    "medianResTime" : 10096.5,
    "minResTime" : 5.0,
    "maxResTime" : 94239.0,
    "pct1ResTime" : 60010.9,
    "pct2ResTime" : 65472.0,
    "pct3ResTime" : 76186.99,
    "throughput" : 452.84260515603796,
    "receivedKBytesPerSec" : 931.314251717266,
    "sentKBytesPerSec" : 45.709902635261194
  },
  "Search - Genre" : {
    "transaction" : "Search - Genre",
    "sampleCount" : 12414,
    "errorCount" : 8786,
    "errorPct" : 70.77493,
    "meanResTime" : 11856.189785725792,
    "medianResTime" : 5003.0,
    "minResTime" : 980.0,
    "maxResTime" : 94177.0,
    "pct1ResTime" : 36762.0,
    "pct2ResTime" : 52952.25,
    "pct3ResTime" : 60661.100000000006,
    "throughput" : 87.16411203403993,
    "receivedKBytesPerSec" : 164.922187124792,
    "sentKBytesPerSec" : 4.030030244837489
  }
}