{
  "Update - Playlist" : {
    "transaction" : "Update - Playlist",
    "sampleCount" : 10161,
    "errorCount" : 5910,
    "errorPct" : 58.163567,
    "meanResTime" : 15870.732801889557,
    "medianResTime" : 10334.0,
    "minResTime" : 2.0,
    "maxResTime" : 83253.0,
    "pct1ResTime" : 39253.8,
    "pct2ResTime" : 52607.19999999999,
    "pct3ResTime" : 60018.14,
    "throughput" : 69.41854030456436,
    "receivedKBytesPerSec" : 127.86441787419812,
    "sentKBytesPerSec" : 7.487452860158636
  },
  "Search - Playlist" : {
    "transaction" : "Search - Playlist",
    "sampleCount" : 18350,
    "errorCount" : 6867,
    "errorPct" : 37.422344,
    "meanResTime" : 16982.618637602234,
    "medianResTime" : 11794.5,
    "minResTime" : 0.0,
    "maxResTime" : 98128.0,
    "pct1ResTime" : 38376.9,
    "pct2ResTime" : 42533.25,
    "pct3ResTime" : 64539.840000000026,
    "throughput" : 119.59695500286773,
    "receivedKBytesPerSec" : 134.49505140102784,
    "sentKBytesPerSec" : 12.064587243860473
  },
  "Total" : {
    "transaction" : "Total",
    "sampleCount" : 57527,
    "errorCount" : 27160,
    "errorPct" : 47.212612,
    "meanResTime" : 18317.530446572793,
    "medianResTime" : 20803.5,
    "minResTime" : 0.0,
    "maxResTime" : 98128.0,
    "pct1ResTime" : 55955.0,
    "pct2ResTime" : 60022.95,
    "pct3ResTime" : 66933.87000000002,
    "throughput" : 374.2640218077251,
    "receivedKBytesPerSec" : 627.9597390957308,
    "sentKBytesPerSec" : 46.171131905996475
  },
  "Delete - Playlist" : {
    "transaction" : "Delete - Playlist",
    "sampleCount" : 12552,
    "errorCount" : 6955,
    "errorPct" : 55.409496,
    "meanResTime" : 18185.53130975141,
    "medianResTime" : 10309.0,
    "minResTime" : 1.0,
    "maxResTime" : 93038.0,
    "pct1ResTime" : 51384.600000000006,
    "pct2ResTime" : 54300.35,
    "pct3ResTime" : 62083.259999999966,
    "throughput" : 85.7511767559111,
    "receivedKBytesPerSec" : 114.05713206523224,
    "sentKBytesPerSec" : 8.353363126549935
  },
  "Create - Playlist" : {
    "transaction" : "Create - Playlist",
    "sampleCount" : 16464,
    "errorCount" : 7428,
    "errorPct" : 45.11662,
    "meanResTime" : 21416.072461127318,
    "medianResTime" : 12612.0,
    "minResTime" : 1.0,
    "maxResTime" : 84212.0,
    "pct1ResTime" : 54276.5,
    "pct2ResTime" : 57215.75,
    "pct3ResTime" : 63420.75,
    "throughput" : 110.32855984506826,
    "receivedKBytesPerSec" : 271.22922549412976,
    "sentKBytesPerSec" : 19.614622353863577
  }
}