{
  "Read All - Albums" : {
    "transaction" : "Read All - Albums",
    "sampleCount" : 22229,
    "errorCount" : 6048,
    "errorPct" : 27.2077,
    "meanResTime" : 1932.9612668136097,
    "medianResTime" : 161.0,
    "minResTime" : 2.0,
    "maxResTime" : 14380.0,
    "pct1ResTime" : 8111.0,
    "pct2ResTime" : 8866.0,
    "pct3ResTime" : 10912.990000000002,
    "throughput" : 234.85472794506074,
    "receivedKBytesPerSec" : 786.8979876518753,
    "sentKBytesPerSec" : 26.378000363180135
  },
  "Total" : {
    "transaction" : "Total",
    "sampleCount" : 54026,
    "errorCount" : 16196,
    "errorPct" : 29.978159,
    "meanResTime" : 1056.4587235775284,
    "medianResTime" : 37.0,
    "minResTime" : 1.0,
    "maxResTime" : 14545.0,
    "pct1ResTime" : 7931.0,
    "pct2ResTime" : 8794.95,
    "pct3ResTime" : 10950.990000000002,
    "throughput" : 570.5143774353992,
    "receivedKBytesPerSec" : 1123.6830013589395,
    "sentKBytesPerSec" : 82.76730445196257
  },
  "Delete - Playlist" : {
    "transaction" : "Delete - Playlist",
    "sampleCount" : 15715,
    "errorCount" : 4892,
    "errorPct" : 31.129494,
    "meanResTime" : 416.50773146675016,
    "medianResTime" : 83.0,
    "minResTime" : 1.0,
    "maxResTime" : 12209.0,
    "pct1ResTime" : 812.0,
    "pct2ResTime" : 1413.199999999999,
    "pct3ResTime" : 9009.68,
    "throughput" : 182.22191301121276,
    "receivedKBytesPerSec" : 146.82703983241728,
    "sentKBytesPerSec" : 23.810138521700814
  },
  "Create - Playlist" : {
    "transaction" : "Create - Playlist",
    "sampleCount" : 16082,
    "errorCount" : 5256,
    "errorPct" : 32.682503,
    "meanResTime" : 470.278821042158,
    "medianResTime" : 83.0,
    "minResTime" : 1.0,
    "maxResTime" : 14545.0,
    "pct1ResTime" : 924.0,
    "pct2ResTime" : 2039.0,
    "pct3ResTime" : 9064.550000000001,
    "throughput" : 180.712873067242,
    "receivedKBytesPerSec" : 216.50265087030294,
    "sentKBytesPerSec" : 36.94407968202198
  }
}