{
  "Create - Track" : {
    "transaction" : "Create - Track",
    "sampleCount" : 20465,
    "errorCount" : 9304,
    "errorPct" : 45.462986,
    "meanResTime" : 13686.393549963343,
    "medianResTime" : 7353.0,
    "minResTime" : 321.0,
    "maxResTime" : 96574.0,
    "pct1ResTime" : 37621.30000000001,
    "pct2ResTime" : 41732.95,
    "pct3ResTime" : 52869.3600000001,
    "throughput" : 131.7805996290954,
    "receivedKBytesPerSec" : 228.04237301266613,
    "sentKBytesPerSec" : 16.90897694966387
  },
  "Search - Track" : {
    "transaction" : "Search - Track",
    "sampleCount" : 12833,
    "errorCount" : 7882,
    "errorPct" : 61.419777,
    "meanResTime" : 13310.54320891452,
    "medianResTime" : 5268.0,
    "minResTime" : 151.0,
    "maxResTime" : 81541.0,
    "pct1ResTime" : 39593.8,
    "pct2ResTime" : 44288.899999999994,
    "pct3ResTime" : 48338.66,
    "throughput" : 86.20678073127641,
    "receivedKBytesPerSec" : 144.5315714469848,
    "sentKBytesPerSec" : 5.261641051671671
  },
  "Total" : {
    "transaction" : "Total",
    "sampleCount" : 66981,
    "errorCount" : 34179,
    "errorPct" : 51.027905,
    "meanResTime" : 14518.220555082786,
    "medianResTime" : 13450.5,
    "minResTime" : 36.0,
    "maxResTime" : 96574.0,
    "pct1ResTime" : 46524.9,
    "pct2ResTime" : 48312.0,
    "pct3ResTime" : 58480.83000000003,
    "throughput" : 431.28404569044335,
    "receivedKBytesPerSec" : 694.6056670983413,
    "sentKBytesPerSec" : 45.4615605643053
  },
  "Update - Track" : {
    "transaction" : "Update - Track",
    "sampleCount" : 15334,
    "errorCount" : 8470,
    "errorPct" : 55.23673,
    "meanResTime" : 14458.392982913778,
    "medianResTime" : 5339.5,
    "minResTime" : 36.0,
    "maxResTime" : 67920.0,
    "pct1ResTime" : 42717.0,
    "pct2ResTime" : 45956.25,
    "pct3ResTime" : 51094.899999999994,
    "throughput" : 101.7572266610039,
    "receivedKBytesPerSec" : 190.19660912241525,
    "sentKBytesPerSec" : 11.54365931419717
  },
  "Track" : {
    "transaction" : "Track",
    "sampleCount" : 12846,
    "errorCount" : 8535,
    "errorPct" : 66.44092,
    "meanResTime" : 44190.648840106114,
    "medianResTime" : 32155.0,
    "minResTime" : 5434.0,
    "maxResTime" : 125430.0,
    "pct1ResTime" : 84298.8,
    "pct2ResTime" : 97489.25,
    "pct3ResTime" : 110185.97000000003,
    "throughput" : 84.45093089302618,
    "receivedKBytesPerSec" : 553.7644419695685,
    "sentKBytesPerSec" : 34.47562486851793
  },
  "Delete - Track" : {
    "transaction" : "Delete - Track",
    "sampleCount" : 18349,
    "errorCount" : 8523,
    "errorPct" : 46.449398,
    "meanResTime" : 16340.601013679237,
    "medianResTime" : 7254.0,
    "minResTime" : 671.0,
    "maxResTime" : 71099.0,
    "pct1ResTime" : 44308.0,
    "pct2ResTime" : 46777.0,
    "pct3ResTime" : 51117.5,
    "throughput" : 120.83714742935416,
    "receivedKBytesPerSec" : 146.76322289124394,
    "sentKBytesPerSec" : 12.58984820035035
  }
}