{
  "Read All - Albums" : {
    "transaction" : "Read All - Albums",
    "sampleCount" : 25495,
    "errorCount" : 12685,
    "errorPct" : 49.754852,
    "meanResTime" : 13719.755010786363,
    "medianResTime" : 6516.0,
    "minResTime" : 50.0,
    "maxResTime" : 97148.0,
    "pct1ResTime" : 39420.8,
    "pct2ResTime" : 43663.250000000015,
    "pct3ResTime" : 84108.12000000014,
    "throughput" : 168.03095012126965,
    "receivedKBytesPerSec" : 532.0150859494457,
    "sentKBytesPerSec" : 13.034001943444848
  },
  "Total" : {
    "transaction" : "Total",
    "sampleCount" : 66166,
    "errorCount" : 38100,
    "errorPct" : 57.582443,
    "meanResTime" : 14435.819620348891,
    "medianResTime" : 5399.5,
    "minResTime" : 22.0,
    "maxResTime" : 97148.0,
    "pct1ResTime" : 61224.700000000004,
    "pct2ResTime" : 63849.000000000015,
    "pct3ResTime" : 84108.12000000014,
    "throughput" : 435.225321817835,
    "receivedKBytesPerSec" : 1113.984250124978,
    "sentKBytesPerSec" : 42.16496339877128
  },
  "Delete - Playlist" : {
    "transaction" : "Delete - Playlist",
    "sampleCount" : 18007,
    "errorCount" : 12171,
    "errorPct" : 67.59038,
    "meanResTime" : 12235.403565280225,
    "medianResTime" : 4900.0,
    "minResTime" : 130.0,
    "maxResTime" : 75473.0,
    "pct1ResTime" : 38088.0,
    "pct2ResTime" : 56750.599999999904,
    "pct3ResTime" : 63913.759999999995,
    "throughput" : 122.35759375403453,
    "receivedKBytesPerSec" : 212.52749055919466,
    "sentKBytesPerSec" : 7.980404224027805
  },
  "Create - Playlist" : {
    "transaction" : "Create - Playlist",
    "sampleCount" : 22664,
    "errorCount" : 13244,
    "errorPct" : 58.436287,
    "meanResTime" : 16989.603556300714,
    "medianResTime" : 5430.5,
    "minResTime" : 22.0,
    "maxResTime" : 77252.0,
    "pct1ResTime" : 56050.90000000006,
    "pct2ResTime" : 60929.95,
    "pct3ResTime" : 65013.88000000002,
    "throughput" : 150.84494199551403,
    "receivedKBytesPerSec" : 381.7518182039408,
    "sentKBytesPerSec" : 21.685209656848386
  }
}